-- MySQL dump 10.13  Distrib 5.6.17, for Win64 (x86_64)
--
-- Host: localhost    Database: db_frames2
-- ------------------------------------------------------
-- Server version	5.6.17

/*!40101 SET @OLD_CHARACTER_SET_CLIENT=@@CHARACTER_SET_CLIENT */;
/*!40101 SET @OLD_CHARACTER_SET_RESULTS=@@CHARACTER_SET_RESULTS */;
/*!40101 SET @OLD_COLLATION_CONNECTION=@@COLLATION_CONNECTION */;
/*!40101 SET NAMES utf8 */;
/*!40103 SET @OLD_TIME_ZONE=@@TIME_ZONE */;
/*!40103 SET TIME_ZONE='+00:00' */;
/*!40014 SET @OLD_UNIQUE_CHECKS=@@UNIQUE_CHECKS, UNIQUE_CHECKS=0 */;
/*!40014 SET @OLD_FOREIGN_KEY_CHECKS=@@FOREIGN_KEY_CHECKS, FOREIGN_KEY_CHECKS=0 */;
/*!40101 SET @OLD_SQL_MODE=@@SQL_MODE, SQL_MODE='NO_AUTO_VALUE_ON_ZERO' */;
/*!40111 SET @OLD_SQL_NOTES=@@SQL_NOTES, SQL_NOTES=0 */;

--
-- Table structure for table `data_frame`
--

DROP TABLE IF EXISTS `data_frame`;
/*!40101 SET @saved_cs_client     = @@character_set_client */;
/*!40101 SET character_set_client = utf8 */;
CREATE TABLE `data_frame` (
  `iddata_frame` bigint(20) unsigned NOT NULL AUTO_INCREMENT,
  `up` int(11) DEFAULT NULL,
  `down` int(11) DEFAULT NULL,
  `onboard` int(11) DEFAULT NULL,
  `sensor_state` int(11) DEFAULT NULL,
  `error` int(11) DEFAULT NULL,
  `false_up` int(11) DEFAULT NULL,
  `false_down` int(11) DEFAULT NULL,
  `up_block` int(11) DEFAULT NULL,
  `down_block` int(11) DEFAULT NULL,
  `event_date` datetime DEFAULT NULL,
  `lat` char(18) DEFAULT NULL,
  `lon` char(18) DEFAULT NULL,
  `imei` double DEFAULT NULL,
  `vehicle_idvehicle` bigint unsigned NOT NULL,
  PRIMARY KEY (`iddata_frame`),
  KEY `fk_data_frame_vehicles_idx` (`vehicle_idvehicle`),
  CONSTRAINT `fk_data_frame_vehicles` FOREIGN KEY (`vehicle_idvehicle`) REFERENCES `db_frames`.`vehicles` (`idvehicle`) ON DELETE NO ACTION ON UPDATE NO ACTION
) ENGINE=InnoDB AUTO_INCREMENT=131 DEFAULT CHARSET=utf8;
/*!40101 SET character_set_client = @saved_cs_client */;

--
-- Dumping data for table `data_frame`
--

LOCK TABLES `data_frame` WRITE;
/*!40000 ALTER TABLE `data_frame` DISABLE KEYS */;
INSERT INTO `data_frame` VALUES (1,0,0,0,1,0,1,1,0,0,'2016-04-14 10:53:21','25.451432564','-16.451243453',356612024653182,106),(2,2,2,0,1,0,3,2,0,0,'2016-04-14 10:53:51','19.451432564','-10.451243453',356612024653182,106),(3,4,2,0,1,0,5,3,0,0,'2016-04-14 10:54:21','30.451432564','-17.451243453',356612024653182,106),(4,6,4,0,1,0,7,4,0,0,'2016-04-14 10:54:51','31.451432564','-7.451243453',356612024653182,106),(5,8,5,0,1,0,9,5,0,0,'2016-04-14 10:55:21','21.451432564','-18.451243453',356612024653182,106),(6,0,0,0,1,0,1,1,0,0,'2016-04-14 11:17:18','31.451432564','-16.451243453',356612024653182,6),(7,2,3,0,1,0,3,2,0,0,'2016-04-14 11:17:48','28.451432564','-19.451243453',356612024653182,6),(8,4,2,0,1,0,5,3,0,0,'2016-04-14 11:18:18','22.451432564','-10.451243453',356612024653182,6),(9,6,4,0,1,0,7,4,0,0,'2016-04-14 11:18:48','30.451432564','-18.451243453',356612024653182,6),(10,8,5,0,1,0,9,5,0,0,'2016-04-14 11:19:18','29.451432564','-18.451243453',356612024653182,6),(11,10,6,0,1,0,11,6,0,0,'2016-04-14 11:19:48','20.451432564','-19.451243453',356612024653182,6),(12,12,7,0,1,0,13,7,0,0,'2016-04-14 11:20:18','19.451432564','-10.451243453',356612024653182,6),(15,2,1,0,1,0,3,2,0,0,'2016-04-14 11:31:30','23.451432564','-10.451243453',356612024653182,17),(16,4,4,0,1,0,5,3,0,0,'2016-04-14 11:32:00','23.451432564','-12.451243453',356612024653182,17),(17,6,3,0,1,0,7,4,0,0,'2016-04-14 11:32:30','25.451432564','-12.451243453',356612024653182,17),(18,8,4,0,1,0,9,5,0,0,'2016-04-14 11:33:00','24.451432564','-17.451243453',356612024653182,17),(19,10,5,0,1,0,11,6,0,0,'2016-04-14 11:33:30','19.451432564','-13.451243453',356612024653182,17),(20,12,6,0,1,0,13,7,0,0,'2016-04-14 11:34:00','26.451432564','-13.451243453',356612024653182,17),(21,14,9,0,1,0,15,8,0,0,'2016-04-14 11:34:30','20.451432564','-15.451243453',356612024653182,17),(22,16,10,0,1,0,17,9,0,0,'2016-04-14 11:35:00','31.451432564','-19.451243453',356612024653182,17),(23,18,10,0,1,0,19,10,0,0,'2016-04-14 11:35:30','27.451432564','-9.451243453',356612024653182,17),(24,2,2,0,1,0,3,2,0,0,'2016-04-14 13:34:55','28.451432564','-10.451243453',356612024653182,17),(25,4,2,0,1,0,5,3,0,0,'2016-04-14 13:35:25','25.451432564','-14.451243453',356612024653182,17),(26,6,3,0,1,0,7,4,0,0,'2016-04-14 13:35:55','28.451432564','-9.451243453',356612024653182,17),(27,8,5,0,1,0,9,5,0,0,'2016-04-14 13:36:25','19.451432564','-16.451243453',356612024653182,17),(28,10,5,0,1,0,11,6,0,0,'2016-04-14 13:36:55','30.451432564','-8.451243453',356612024653182,17),(29,12,7,0,1,0,13,7,0,0,'2016-04-14 13:37:25','27.451432564','-11.451243453',356612024653182,17),(30,14,8,0,1,0,15,8,0,0,'2016-04-14 13:37:55','24.451432564','-17.451243453',356612024653182,17),(31,16,10,0,1,0,17,9,0,0,'2016-04-14 13:38:25','20.451432564','-12.451243453',356612024653182,17),(32,18,11,0,1,0,19,10,0,0,'2016-04-14 13:38:55','31.451432564','-19.451243453',356612024653182,17),(39,2,3,0,1,0,3,2,0,0,'2016-04-14 13:44:20','29.451432564','-17.451243453',356612024653182,6),(43,2,1,0,1,0,3,2,0,0,'2016-04-14 13:47:01','22.451432564','-19.451243453',356612024653182,99),(44,2,3,0,1,0,3,2,0,0,'2016-04-14 13:47:40','29.451432564','-10.451243453',356612024653182,100),(45,4,4,0,1,0,5,3,0,0,'2016-04-14 13:47:50','24.451432564','-18.451243453',356612024653182,100),(46,6,4,0,1,0,7,4,0,0,'2016-04-14 13:48:00','21.451432564','-15.451243453',356612024653182,100),(47,8,6,0,1,0,9,5,0,0,'2016-04-14 13:48:10','25.451432564','-7.451243453',356612024653182,100),(48,10,6,0,1,0,11,6,0,0,'2016-04-14 13:48:20','27.451432564','-8.451243453',356612024653182,100),(49,12,6,0,1,0,13,7,0,0,'2016-04-14 13:48:30','29.451432564','-11.451243453',356612024653182,100),(56,2,3,0,1,0,3,2,0,0,'2016-04-14 15:55:12','30.451432564','-15.451243453',356612024653182,20),(57,4,2,0,1,0,5,3,0,0,'2016-04-14 15:55:22','20.451432564','-16.451243453',356612024653182,20),(58,6,3,0,1,0,7,4,0,0,'2016-04-14 15:55:32','29.451432564','-10.451243453',356612024653182,20),(59,8,6,0,1,0,9,5,0,0,'2016-04-14 15:55:42','28.451432564','-12.451243453',356612024653182,20),(60,10,7,0,1,0,11,6,0,0,'2016-04-14 15:55:52','27.451432564','-11.451243453',356612024653182,20),(61,12,6,0,1,0,13,7,0,0,'2016-04-14 15:56:02','25.451432564','-12.451243453',356612024653182,20),(62,14,7,0,1,0,15,8,0,0,'2016-04-14 15:56:12','24.451432564','-14.451243453',356612024653182,20),(63,2,3,0,1,0,3,2,0,0,'2016-04-14 15:56:23','26.451432564','-7.451243453',356612024653182,21),(64,4,2,0,1,0,5,3,0,0,'2016-04-14 15:56:33','20.451432564','-8.451243453',356612024653182,21),(65,6,5,0,1,0,7,4,0,0,'2016-04-14 15:56:43','31.451432564','-11.451243453',356612024653182,21),(66,8,5,0,1,0,9,5,0,0,'2016-04-14 15:56:53','26.451432564','-14.451243453',356612024653182,21),(67,10,5,0,1,0,11,6,0,0,'2016-04-14 15:57:03','20.451432564','-18.451243453',356612024653182,21),(68,12,7,0,1,0,13,7,0,0,'2016-04-14 15:57:13','29.451432564','-15.451243453',356612024653182,21),(69,14,9,0,1,0,15,8,0,0,'2016-04-14 15:57:23','19.451432564','-14.451243453',356612024653182,21),(70,2,2,0,1,0,3,2,0,0,'2016-04-15 10:56:03','24.451432564','-8.451243453',356612024653182,17),(71,4,3,0,1,0,5,3,0,0,'2016-04-15 10:56:13','26.451432564','-11.451243453',356612024653182,17),(72,6,5,0,1,0,7,4,0,0,'2016-04-15 10:56:23','27.451432564','-9.451243453',356612024653182,17),(73,8,5,0,1,0,9,5,0,0,'2016-04-15 10:56:33','28.451432564','-17.451243453',356612024653182,17),(74,10,7,0,1,0,11,6,0,0,'2016-04-15 10:56:43','27.451432564','-15.451243453',356612024653182,17),(75,12,7,0,1,0,13,7,0,0,'2016-04-15 10:56:53','28.451432564','-9.451243453',356612024653182,17),(76,14,7,0,1,0,15,8,0,0,'2016-04-15 10:57:03','30.451432564','-12.451243453',356612024653182,17),(77,16,8,0,1,0,17,9,0,0,'2016-04-15 10:57:13','25.451432564','-7.451243453',356612024653182,17),(78,18,9,0,1,0,19,10,0,0,'2016-04-15 10:57:23','23.451432564','-10.451243453',356612024653182,17),(79,20,12,0,1,0,21,11,0,0,'2016-04-15 10:57:33','29.451432564','-17.451243453',356612024653182,17),(80,2,1,0,1,0,3,2,0,0,'2016-04-15 10:57:44','26.451432564','-14.451243453',356612024653182,106),(81,4,4,0,1,0,5,3,0,0,'2016-04-15 10:57:54','25.451432564','-18.451243453',356612024653182,106),(82,6,4,0,1,0,7,4,0,0,'2016-04-15 10:58:04','22.451432564','-11.451243453',356612024653182,106),(83,8,5,0,1,0,9,5,0,0,'2016-04-15 10:58:14','27.451432564','-7.451243453',356612024653182,106),(84,10,5,0,1,0,11,6,0,0,'2016-04-15 10:58:24','20.451432564','-12.451243453',356612024653182,106),(85,12,8,0,1,0,13,7,0,0,'2016-04-15 10:58:34','21.451432564','-12.451243453',356612024653182,106),(86,14,7,0,1,0,15,8,0,0,'2016-04-15 10:58:44','25.451432564','-17.451243453',356612024653182,106),(87,16,10,0,1,0,17,9,0,0,'2016-04-15 10:58:54','26.451432564','-10.451243453',356612024653182,106),(88,18,10,0,1,0,19,10,0,0,'2016-04-15 10:59:04','23.451432564','-8.451243453',356612024653182,106),(89,20,12,0,1,0,21,11,0,0,'2016-04-15 10:59:14','26.451432564','-11.451243453',356612024653182,106),(90,22,13,0,1,0,23,12,0,0,'2016-04-15 10:59:24','27.451432564','-10.451243453',356612024653182,106),(91,24,13,0,1,0,25,13,0,0,'2016-04-15 10:59:34','23.451432564','-10.451243453',356612024653182,106),(92,26,15,0,1,0,27,14,0,0,'2016-04-15 10:59:44','27.451432564','-12.451243453',356612024653182,106),(93,28,16,0,1,0,29,15,0,0,'2016-04-15 10:59:54','23.451432564','-15.451243453',356612024653182,106),(94,30,17,0,1,0,31,16,0,0,'2016-04-15 11:00:04','19.451432564','-14.451243453',356612024653182,106),(95,32,17,0,1,0,33,17,0,0,'2016-04-15 11:00:14','20.451432564','-11.451243453',356612024653182,106),(96,34,17,0,1,0,35,18,0,0,'2016-04-15 11:00:24','19.451432564','-13.451243453',356612024653182,106),(97,36,20,0,1,0,37,19,0,0,'2016-04-15 11:00:34','23.451432564','-19.451243453',356612024653182,106),(98,38,20,0,1,0,39,20,0,0,'2016-04-15 11:00:44','20.451432564','-9.451243453',356612024653182,106),(99,40,22,0,1,0,41,21,0,0,'2016-04-15 11:00:54','29.451432564','-13.451243453',356612024653182,106),(100,42,21,0,1,0,43,22,0,0,'2016-04-15 11:01:04','30.451432564','-8.451243453',356612024653182,106),(101,44,23,0,1,0,45,23,0,0,'2016-04-15 11:01:14','21.451432564','-11.451243453',356612024653182,106),(102,46,23,0,1,0,47,24,0,0,'2016-04-15 11:01:24','22.451432564','-9.451243453',356612024653182,106),(103,48,24,0,1,0,49,25,0,0,'2016-04-15 11:01:34','28.451432564','-19.451243453',356612024653182,106),(104,50,27,0,1,0,51,26,0,0,'2016-04-15 11:01:44','19.451432564','-12.451243453',356612024653182,106),(105,52,26,0,1,0,53,27,0,0,'2016-04-15 11:01:54','30.451432564','-12.451243453',356612024653182,106),(106,2,1,0,1,0,3,2,0,0,'2016-04-16 09:50:27','19.701432564','-19.251243453',356612024653182,106),(107,4,4,0,1,0,5,3,0,0,'2016-04-16 09:50:37','19.784765897333','-19.117910119667',356612024653182,106),(108,6,4,0,1,0,7,4,0,0,'2016-04-16 09:50:47','19.951432564','-18.951243453',356612024653182,106),(109,8,5,0,1,0,9,5,0,0,'2016-04-16 09:50:57','19.701432564','-19.201243453',356612024653182,106),(110,10,6,0,1,0,11,6,0,0,'2016-04-16 09:51:07','19.784765897333','-19.117910119667',356612024653182,106),(111,12,6,0,1,0,13,7,0,0,'2016-04-16 09:51:17','19.701432564','-19.451243453',356612024653182,106),(112,14,8,0,1,0,15,8,0,0,'2016-04-16 09:51:27','19.784765897333','-19.117910119667',356612024653182,106),(113,16,10,0,1,0,17,9,0,0,'2016-04-16 09:51:37','19.784765897333','-19.451243453',356612024653182,106),(114,18,10,0,1,0,19,10,0,0,'2016-04-16 09:51:47','19.701432564','-18.451243453',356612024653182,106),(115,20,11,0,1,0,21,11,0,0,'2016-04-16 09:51:57','19.784765897333','-18.951243453',356612024653182,106),(116,22,13,0,1,0,23,12,0,0,'2016-04-16 09:52:07','19.951432564','-19.251243453',356612024653182,106),(117,24,12,0,1,0,25,13,0,0,'2016-04-16 09:52:17','19.784765897333','-18.951243453',356612024653182,106),(118,2,1,0,1,0,3,2,0,0,'2016-04-18 12:39:23','19.701432564','-18.951243453',356612024653182,106),(119,4,4,0,1,0,5,3,0,0,'2016-04-18 12:39:33','19.784765897333','-18.951243453',356612024653182,106),(120,6,5,0,1,0,7,4,0,0,'2016-04-18 12:39:43','19.784765897333','-19.251243453',356612024653182,106),(121,8,4,0,1,0,9,5,0,0,'2016-04-18 12:39:53','20.451432564','-19.251243453',356612024653182,106),(122,10,6,0,1,0,11,6,0,0,'2016-04-18 12:40:03','19.951432564','-18.451243453',356612024653182,106),(123,12,7,0,1,0,13,7,0,0,'2016-04-18 12:40:13','19.784765897333','-19.251243453',356612024653182,106),(124,14,7,0,1,0,15,8,0,0,'2016-04-18 12:40:23','19.651432564','-18.451243453',356612024653182,106),(125,2,3,0,1,0,3,2,0,0,'2016-04-19 14:12:14','22.451432564','-17.451243453',356612024653182,6),(126,4,4,0,1,0,5,3,0,0,'2016-04-19 14:12:23','24.451432564','-15.451243453',356612024653182,6),(127,6,3,0,1,0,7,4,0,0,'2016-04-19 14:12:33','19.451432564','-15.451243453',356612024653182,6),(128,8,5,0,1,0,9,5,0,0,'2016-04-19 14:12:43','22.451432564','-16.451243453',356612024653182,6),(129,10,6,0,1,0,11,6,0,0,'2016-04-19 14:12:53','19.451432564','-14.451243453',356612024653182,6),(130,12,6,0,1,0,13,7,0,0,'2016-04-19 14:13:03','24.451432564','-19.451243453',356612024653182,6);
/*!40000 ALTER TABLE `data_frame` ENABLE KEYS */;
UNLOCK TABLES;

--
-- Table structure for table `driver_events`
--

DROP TABLE IF EXISTS `driver_events`;
/*!40101 SET @saved_cs_client     = @@character_set_client */;
/*!40101 SET character_set_client = utf8 */;
CREATE TABLE `driver_events` (
  `iddriver_events` int(10) unsigned NOT NULL AUTO_INCREMENT,
  `vehicles_idvehicle` bigint(20) unsigned NOT NULL,
  `drivers_iddrivers` bigint(20) unsigned NOT NULL,
  `date_assign` datetime DEFAULT NULL,
  `date_unassigned` datetime DEFAULT NULL,
  PRIMARY KEY (`iddriver_events`,`vehicles_idvehicle`,`drivers_iddrivers`),
  KEY `fk_vehicles_has_drivers_drivers1_idx` (`drivers_iddrivers`),
  KEY `fk_vehicles_has_drivers_vehicles1_idx` (`vehicles_idvehicle`),
  CONSTRAINT `fk_vehicles_has_drivers_drivers1` FOREIGN KEY (`drivers_iddrivers`) REFERENCES `drivers` (`iddrivers`) ON DELETE CASCADE ON UPDATE CASCADE,
  CONSTRAINT `fk_vehicles_has_drivers_vehicles1` FOREIGN KEY (`vehicles_idvehicle`) REFERENCES `vehicles` (`idvehicle`) ON DELETE CASCADE ON UPDATE CASCADE
) ENGINE=InnoDB AUTO_INCREMENT=7 DEFAULT CHARSET=utf8;
/*!40101 SET character_set_client = @saved_cs_client */;

--
-- Dumping data for table `driver_events`
--

LOCK TABLES `driver_events` WRITE;
/*!40000 ALTER TABLE `driver_events` DISABLE KEYS */;
INSERT INTO `driver_events` VALUES (1,106,1,'2016-04-14 11:16:11','2016-04-15 10:54:00'),(2,6,2,'2016-04-14 11:16:20',NULL),(3,17,3,'2016-04-14 11:27:36','2016-04-15 10:00:00'),(4,107,4,'2016-04-14 13:33:40',NULL),(5,17,6,'2016-04-16 10:00:00',NULL),(6,106,7,'2016-04-16 10:54:00',NULL);
/*!40000 ALTER TABLE `driver_events` ENABLE KEYS */;
UNLOCK TABLES;

--
-- Table structure for table `driver_turn`
--

DROP TABLE IF EXISTS `driver_turn`;
/*!40101 SET @saved_cs_client     = @@character_set_client */;
/*!40101 SET character_set_client = utf8 */;
CREATE TABLE `driver_turn` (
  `drivers_iddrivers` bigint(20) unsigned NOT NULL,
  `idturn_driver` int(10) unsigned NOT NULL,
  PRIMARY KEY (`drivers_iddrivers`,`idturn_driver`),
  KEY `fk_drivers_has_turn_turn1_idx` (`idturn_driver`),
  KEY `fk_drivers_has_turn_drivers1_idx` (`drivers_iddrivers`),
  CONSTRAINT `fk_drivers_has_turn_drivers1` FOREIGN KEY (`drivers_iddrivers`) REFERENCES `drivers` (`iddrivers`) ON DELETE CASCADE ON UPDATE CASCADE,
  CONSTRAINT `fk_drivers_has_turn_turn1` FOREIGN KEY (`idturn_driver`) REFERENCES `turn` (`idturn_driver`) ON DELETE CASCADE ON UPDATE CASCADE
) ENGINE=InnoDB DEFAULT CHARSET=utf8;
/*!40101 SET character_set_client = @saved_cs_client */;

--
-- Dumping data for table `driver_turn`
--

LOCK TABLES `driver_turn` WRITE;
/*!40000 ALTER TABLE `driver_turn` DISABLE KEYS */;
INSERT INTO `driver_turn` VALUES (2,1),(3,1),(8,1),(1,2),(5,2),(4,3),(7,3),(6,4);
/*!40000 ALTER TABLE `driver_turn` ENABLE KEYS */;
UNLOCK TABLES;

--
-- Table structure for table `drivers`
--

DROP TABLE IF EXISTS `drivers`;
/*!40101 SET @saved_cs_client     = @@character_set_client */;
/*!40101 SET character_set_client = utf8 */;
CREATE TABLE `drivers` (
  `iddrivers` bigint(20) unsigned NOT NULL AUTO_INCREMENT,
  `name_driver` varchar(45) DEFAULT NULL,
  `ap_driver` varchar(45) DEFAULT NULL,
  `active` tinyint(1) DEFAULT NULL,
  `date_driver` datetime DEFAULT NULL,
  `users_idusers` int(10) unsigned NOT NULL,
  PRIMARY KEY (`iddrivers`),
  KEY `fk_drivers_users1_idx` (`users_idusers`),
  CONSTRAINT `fk_drivers_users1` FOREIGN KEY (`users_idusers`) REFERENCES `users` (`idusers`) ON DELETE CASCADE ON UPDATE CASCADE
) ENGINE=InnoDB AUTO_INCREMENT=9 DEFAULT CHARSET=utf8;
/*!40101 SET character_set_client = @saved_cs_client */;

--
-- Dumping data for table `drivers`
--

LOCK TABLES `drivers` WRITE;
/*!40000 ALTER TABLE `drivers` DISABLE KEYS */;
INSERT INTO `drivers` VALUES (1,'Guillermo de Jesús','Rodríguez Morales',0,'2016-04-14 11:10:56',8),(2,'Carlos','Montañez',1,'2016-04-14 11:11:10',8),(3,'Andrea','Caballero',0,'2016-04-14 11:23:46',8),(4,'Luis','Tipacamu',1,'2016-04-14 11:27:10',8),(5,'\'Juan','\'Pérez',0,'2016-04-14 11:40:25',8),(6,'Fernando','Gomez',1,'2016-04-14 13:38:14',8),(7,'José','Gutierrez',1,'2016-04-14 15:52:38',8),(8,'Juan','Escutia',0,'2016-04-14 15:52:48',8);
/*!40000 ALTER TABLE `drivers` ENABLE KEYS */;
UNLOCK TABLES;

--
-- Table structure for table `rate`
--

DROP TABLE IF EXISTS `rate`;
/*!40101 SET @saved_cs_client     = @@character_set_client */;
/*!40101 SET character_set_client = utf8 */;
CREATE TABLE `rate` (
  `idrate` int(10) unsigned NOT NULL AUTO_INCREMENT,
  `name_rate` varchar(45) DEFAULT NULL,
  `users_idusers` int(10) unsigned NOT NULL,
  PRIMARY KEY (`idrate`),
  KEY `fk_rate_users1_idx` (`users_idusers`),
  CONSTRAINT `fk_rate_users1` FOREIGN KEY (`users_idusers`) REFERENCES `users` (`idusers`) ON DELETE CASCADE ON UPDATE CASCADE
) ENGINE=InnoDB DEFAULT CHARSET=utf8;
/*!40101 SET character_set_client = @saved_cs_client */;

--
-- Dumping data for table `rate`
--

LOCK TABLES `rate` WRITE;
/*!40000 ALTER TABLE `rate` DISABLE KEYS */;
/*!40000 ALTER TABLE `rate` ENABLE KEYS */;
UNLOCK TABLES;

--
-- Table structure for table `route`
--

DROP TABLE IF EXISTS `route`;
/*!40101 SET @saved_cs_client     = @@character_set_client */;
/*!40101 SET character_set_client = utf8 */;
CREATE TABLE `route` (
  `idroute` int(10) unsigned NOT NULL AUTO_INCREMENT,
  `name_route` varchar(45) DEFAULT NULL,
  `name_start` varchar(30) DEFAULT NULL,
  `start_lat` char(18) DEFAULT NULL,
  `start_lon` char(18) DEFAULT NULL,
  `name_end` varchar(30) DEFAULT NULL,
  `end_lat` char(18) DEFAULT NULL,
  `end_lon` char(18) DEFAULT NULL,
  `date_route` datetime DEFAULT NULL,
  `users_idusers` int(10) unsigned NOT NULL,
  PRIMARY KEY (`idroute`),
  KEY `fk_route_users1_idx` (`users_idusers`),
  CONSTRAINT `fk_route_users1` FOREIGN KEY (`users_idusers`) REFERENCES `users` (`idusers`) ON DELETE CASCADE ON UPDATE CASCADE
) ENGINE=InnoDB AUTO_INCREMENT=9 DEFAULT CHARSET=utf8;
/*!40101 SET character_set_client = @saved_cs_client */;

--
-- Dumping data for table `route`
--

LOCK TABLES `route` WRITE;
/*!40000 ALTER TABLE `route` DISABLE KEYS */;
INSERT INTO `route` VALUES (1,'108','inicio','16.745043991874','-93.074326515198','fin','16.759673454184','-93.124279975891','2016-04-14 11:15:12',8),(2,'ruta 52','inicio','16.754125897175','-93.119484186172','fin','16.750961662608','-93.100472688675','2016-04-14 11:25:01',8),(3,'ruta 51','inicio','16.754742300385','-93.135952949524','fin','16.747674090462','-93.090119361877','2016-04-14 11:26:49',8),(4,'52','inicio','16.760824038349','-93.14892411232','fin','16.744057695538','-93.073704242706','2016-04-14 13:06:36',8),(5,'chiapa-tux1','inicio','16.754413552255','-93.126511573792','fin','16.749153504953','-93.094239234924','2016-04-14 13:09:16',8),(6,'ruta 53','inicio','16.745865901585','-93.075678348541','fin','16.757043521394','-93.142368793488','2016-04-14 13:38:50',8),(7,'ruta 92','inicio','16.755235421515','-93.136982917786','fin','16.748167229903','-93.101277351379','2016-04-14 15:53:50',8),(8,'ruta nueva','inicio','16.754824487329','-93.127434253693','fin','16.744961800708','-93.075420856476','2016-04-14 15:59:32',8);
/*!40000 ALTER TABLE `route` ENABLE KEYS */;
UNLOCK TABLES;

--
-- Table structure for table `turn`
--

DROP TABLE IF EXISTS `turn`;
/*!40101 SET @saved_cs_client     = @@character_set_client */;
/*!40101 SET character_set_client = utf8 */;
CREATE TABLE `turn` (
  `idturn_driver` int(10) unsigned NOT NULL AUTO_INCREMENT,
  `name_turn` varchar(45) DEFAULT NULL,
  `start_turn` time DEFAULT NULL,
  `end_turn` time DEFAULT NULL,
  `date_turn` datetime DEFAULT NULL,
  `users_idusers` int(10) unsigned NOT NULL,
  PRIMARY KEY (`idturn_driver`),
  KEY `fk_turn_users1_idx` (`users_idusers`),
  CONSTRAINT `fk_turn_users1` FOREIGN KEY (`users_idusers`) REFERENCES `users` (`idusers`) ON DELETE CASCADE ON UPDATE CASCADE
) ENGINE=InnoDB AUTO_INCREMENT=6 DEFAULT CHARSET=utf8;
/*!40101 SET character_set_client = @saved_cs_client */;

--
-- Dumping data for table `turn`
--

LOCK TABLES `turn` WRITE;
/*!40000 ALTER TABLE `turn` DISABLE KEYS */;
INSERT INTO `turn` VALUES (1,'Matutino','07:00:00','14:00:00','2016-04-14 11:04:25',8),(2,'Vespertino','14:00:00','22:00:00','2016-04-14 11:04:44',8),(3,'Mixto','11:00:00','19:00:00','2016-04-14 11:24:27',8),(4,'Mixto3','11:00:00','17:00:00','2016-04-14 13:36:17',8),(5,'Mixto2','09:00:00','15:00:00','2016-04-14 15:53:11',8);
/*!40000 ALTER TABLE `turn` ENABLE KEYS */;
UNLOCK TABLES;

--
-- Table structure for table `users`
--

DROP TABLE IF EXISTS `users`;
/*!40101 SET @saved_cs_client     = @@character_set_client */;
/*!40101 SET character_set_client = utf8 */;
CREATE TABLE `users` (
  `idusers` int(10) unsigned NOT NULL,
  `name_user` varchar(45) DEFAULT NULL,
  `active` tinyint(1) DEFAULT NULL,
  `status` tinyint(1) DEFAULT NULL,
  `date_user` datetime DEFAULT NULL,
  PRIMARY KEY (`idusers`)
) ENGINE=InnoDB DEFAULT CHARSET=utf8;
/*!40101 SET character_set_client = @saved_cs_client */;

--
-- Dumping data for table `users`
--

LOCK TABLES `users` WRITE;
/*!40000 ALTER TABLE `users` DISABLE KEYS */;
INSERT INTO `users` VALUES (1,'root',0,1,'2016-04-14 10:19:25'),(3,'carlos.jaramillo@digitalcomtech.com',0,1,'2016-04-14 10:19:25'),(4,'leopoldo.reynoso@digitalcomtech.com',0,1,'2016-04-14 10:19:25'),(6,'iescallon@digitalcomtech.com',0,1,'2016-04-14 10:19:25'),(7,'mcastano@digitalcomtech.com',0,1,'2016-04-14 10:19:25'),(8,'grupoitmerida@hotmail.com',0,1,'2016-04-14 10:19:25'),(9,'ventas_gitss@hotmail.com',0,1,'2016-04-14 10:19:25'),(10,'pepe_paquito@hotmail.com',0,1,'2016-04-14 10:19:25'),(11,'soporte_grupoit@hotmail.com',0,1,'2016-04-14 10:19:25'),(12,'rogerio.gongora@dunosusa.com.mx',0,1,'2016-04-14 10:19:25'),(13,'alejandro.velazquez@ali.com.mx',0,1,'2016-04-14 10:19:25'),(14,'dmartinez@digitalcomtech.com',0,1,'2016-04-14 10:19:25'),(15,'lrobles@digitalcomtech.com',0,1,'2016-04-14 10:19:25'),(17,'paco.rueda@grupoitsur.com',0,1,'2016-04-14 10:19:25'),(19,'demogrupoit@hotmail.com',0,1,'2016-04-14 10:19:25'),(20,'transtec2006@hotmail.com',0,1,'2016-04-14 10:19:25'),(21,'contabilidad@productosarrecha.mx',0,1,'2016-04-14 10:19:25'),(22,'jvsantiagom@gmail.com',0,1,'2016-04-14 10:19:25'),(23,'jose.ponce@superpisosmcp.com',0,1,'2016-04-14 10:19:26'),(24,'luistipacamu@gmail.com',0,1,'2016-04-14 10:19:26'),(25,'flopez@damiano.com.mx',0,1,'2016-04-14 10:19:26'),(27,'armagloria08@hotmail.com',0,1,'2016-04-14 10:19:26'),(28,'rastreo.satelital@dunosusa.com.mx',0,1,'2016-04-14 10:19:26'),(29,'auditoriai.aux@dunosusa.com.mx',0,1,'2016-04-14 10:19:26'),(30,'pablonajera2@hotmail.com',0,1,'2016-04-14 10:19:26'),(31,'alertas_tracker@hotmail.com',0,1,'2016-04-14 10:19:26'),(34,'lucia_16@msn.com',0,1,'2016-04-14 10:19:26'),(35,'leo@startrackllc.com',0,1,'2016-04-14 10:19:26'),(36,'pame_alanis@hotmail.com',0,1,'2016-04-14 10:19:26'),(37,'atorres_v90@hotmail.com',0,1,'2016-04-14 10:19:26'),(39,'admisnistracion@huertasantodomingo.com',0,1,'2016-04-14 10:19:26'),(40,'jlcachon@gmail.com',0,1,'2016-04-14 10:19:26'),(41,'milton_cohen33@hotmail.com',0,1,'2016-04-14 10:19:26'),(42,'logistica.envios@superpisosmcp.com',0,1,'2016-04-14 10:19:26'),(43,'oswaldo.jimenez@elniplito.com.mx',0,1,'2016-04-14 10:19:26'),(44,'mogoc24@gmail.com',0,1,'2016-04-14 10:19:26'),(46,'jose.reynoso@digitalcomtech.com',0,1,'2016-04-14 10:19:26'),(48,'rcuevamx@hotmail.com',0,1,'2016-04-14 10:19:26'),(49,'alberto.grupoitmerida@gmail.com',0,1,'2016-04-14 10:19:26'),(50,'adogre@hotmail.com',0,1,'2016-04-14 10:19:26'),(51,'rodascop@hotmail.com',0,1,'2016-04-14 10:19:26'),(52,'alejandroalmeida2005@hotmail.com',0,1,'2016-04-14 10:19:26'),(53,'alondra.moralesg@hotmail.com',0,1,'2016-04-14 10:19:26'),(54,'monitoreo@servimax.com.mx',0,1,'2016-04-14 10:19:26'),(55,'roman.herrera@servimax.com.mx',0,1,'2016-04-14 10:19:26'),(56,'g_rodriguez@outlook.es',0,1,'2016-04-14 10:19:26'),(57,'administracion@huertasantodomingo.com',0,1,'2016-04-14 10:19:26'),(58,'transporte.cedis@dunosusa.com.mx',0,1,'2016-04-14 10:19:26'),(59,'gerencialpes@hotmail.com',0,1,'2016-04-14 10:19:26'),(60,'aparicio_ruba@hotmail.com',0,1,'2016-04-14 10:19:26');
/*!40000 ALTER TABLE `users` ENABLE KEYS */;
UNLOCK TABLES;

--
-- Table structure for table `vehicle_route`
--

DROP TABLE IF EXISTS `vehicle_route`;
/*!40101 SET @saved_cs_client     = @@character_set_client */;
/*!40101 SET character_set_client = utf8 */;
CREATE TABLE `vehicle_route` (
  `vehicles_idvehicle` bigint(20) unsigned NOT NULL,
  `route_idroute` int(10) unsigned NOT NULL,
  PRIMARY KEY (`vehicles_idvehicle`,`route_idroute`),
  KEY `fk_vehicles_has_route_route1_idx` (`route_idroute`),
  KEY `fk_vehicles_has_route_vehicles1_idx` (`vehicles_idvehicle`),
  CONSTRAINT `fk_vehicles_has_route_route1` FOREIGN KEY (`route_idroute`) REFERENCES `route` (`idroute`) ON DELETE CASCADE ON UPDATE CASCADE,
  CONSTRAINT `fk_vehicles_has_route_vehicles1` FOREIGN KEY (`vehicles_idvehicle`) REFERENCES `vehicles` (`idvehicle`) ON DELETE CASCADE ON UPDATE CASCADE
) ENGINE=InnoDB DEFAULT CHARSET=utf8;
/*!40101 SET character_set_client = @saved_cs_client */;

--
-- Dumping data for table `vehicle_route`
--

LOCK TABLES `vehicle_route` WRITE;
/*!40000 ALTER TABLE `vehicle_route` DISABLE KEYS */;
INSERT INTO `vehicle_route` VALUES (106,1),(6,2),(17,3),(107,4),(111,5),(115,6),(35,7),(20,8);
/*!40000 ALTER TABLE `vehicle_route` ENABLE KEYS */;
UNLOCK TABLES;

--
-- Table structure for table `vehicles`
--

DROP TABLE IF EXISTS `vehicles`;
/*!40101 SET @saved_cs_client     = @@character_set_client */;
/*!40101 SET character_set_client = utf8 */;
CREATE TABLE `vehicles` (
  `idvehicle` bigint(20) unsigned NOT NULL AUTO_INCREMENT,
  `name_vehicle` varchar(45) DEFAULT NULL,
  `capacitance` int(11) DEFAULT NULL,
  `max_capacitance` int(11) DEFAULT NULL,
  `imei` double DEFAULT NULL,
  PRIMARY KEY (`idvehicle`)
) ENGINE=InnoDB AUTO_INCREMENT=118 DEFAULT CHARSET=utf8;
/*!40101 SET character_set_client = @saved_cs_client */;

--
-- Dumping data for table `vehicles`
--

LOCK TABLES `vehicles` WRITE;
/*!40000 ALTER TABLE `vehicles` DISABLE KEYS */;
INSERT INTO `vehicles` VALUES (6,'C-043',NULL,NULL,356612024630974),(17,'Cloudconnect 1',NULL,NULL,358741050302980),(20,'Qmax nuevo',NULL,NULL,357666050716452),(21,'hecafi 5036',NULL,NULL,357666050785036),(22,'damiano 0284',NULL,NULL,357666051510284),(23,'damiano 0235',NULL,NULL,357666051510235),(24,'YZA 8725',NULL,NULL,357666051518725),(28,'PG2177',NULL,NULL,357666050718789),(30,'PG357666050782652',NULL,NULL,357666050782652),(31,'PG-2179',NULL,NULL,357666050877874),(32,'KENWORTH (314EF1)',NULL,NULL,357666050893947),(33,'PG2178',NULL,NULL,357666051203369),(34,'PG2093',NULL,NULL,357666051348487),(35,'Servimax 1966',NULL,NULL,357666050891966),(36,'servimax 5051',NULL,NULL,357666050785051),(37,'servimax 9146',NULL,NULL,357666051359146),(38,'servimax 9977',NULL,NULL,357666050719977),(39,'servimax 8767',NULL,NULL,357666051278767),(40,'sevimax 9039',NULL,NULL,357666050779039),(43,'Roque 6',NULL,NULL,358741050280475),(44,'MB Moto 2',NULL,NULL,358741050280590),(45,'MB Moto 3',NULL,NULL,358741050301677),(48,'YZA 7986',NULL,NULL,357666051327986),(49,'Camión 24',NULL,NULL,357666050734349),(50,'Camión 30',NULL,NULL,357666050659017),(51,'MB Moto 5',NULL,NULL,358741050301446),(53,'Unidad 1',NULL,NULL,358741050248829),(54,'Agromod 01',NULL,NULL,357666050765624),(55,'MCP demo 5747',NULL,NULL,357666051285747),(56,'serviclimas 5970',NULL,NULL,357666051265970),(57,'PG 2074',NULL,NULL,357666050797437),(58,'MB Moto 1',NULL,NULL,358741050280566),(59,'Land Rover',NULL,NULL,358741050291837),(61,'MER ZAW 49-34',NULL,NULL,357666050810271),(62,'MERIDA ZAX-58-82',NULL,NULL,357666050784864),(63,'Amarillo 02',NULL,NULL,357666051281043),(64,'Rojo 01',NULL,NULL,357666051371059),(66,'281',NULL,NULL,356612023676176),(67,'210',NULL,NULL,356612024447288),(68,'Alan 1737',NULL,NULL,357666051291737),(70,'Alan 9932',NULL,NULL,357666050759932),(71,'Elva(VS95087)',NULL,NULL,357666050805834),(74,'Alan 4684',NULL,NULL,357666050844684),(78,'XeliX(DB-17991)',NULL,NULL,358741050301404),(79,'XeliX(NISSAN NP300)',NULL,NULL,358741050291159),(80,'HIAB-GMC',NULL,NULL,357666051276365),(81,'HILUX-Blanca',NULL,NULL,357666051285259),(82,'C-003',NULL,NULL,357666050804951),(83,'Hecafi DORIS',NULL,NULL,358741050311874),(84,'Taxi Juan Kramer',NULL,NULL,358741050318978),(85,'Jetta 2015',NULL,NULL,358741050319018),(86,'Pradel 01',NULL,NULL,358741050281143),(87,'PG-2073',NULL,NULL,357666050711511),(89,'SaljamexItalica',NULL,NULL,358741050302782),(94,'RAMCACC01',NULL,NULL,358741050280376),(95,'CAMION DINO',NULL,NULL,357666051274873),(96,'HINO 616 Eco.51',NULL,NULL,356612024154363),(97,'TOYOTA HIACE Eco.49',NULL,NULL,358741051439179),(98,'FORD F-150 Eco.36',NULL,NULL,358741051438833),(99,'KODIAK Diesel Eco.30',NULL,NULL,358741051437413),(100,'KODIAK Gasolina Eco.34',NULL,NULL,358741051439567),(101,'HINO 1018 Eco.50',NULL,NULL,358741051438171),(102,'H-100 Karpas Eco.14',NULL,NULL,358741051438130),(103,'MB Moto4',NULL,NULL,358741050301842),(104,'BMW',NULL,NULL,358741051436480),(105,'Nuevo Ruta 52',NULL,NULL,358741050291811),(106,'MDT Test',NULL,NULL,356612024653182),(107,'Xelix03',NULL,NULL,358741050301966),(108,'Xelix 04',NULL,NULL,358741050280202),(109,'AVEO ZAY2212',NULL,NULL,358741051424809),(110,'Blanco 03',NULL,NULL,358741051439161),(111,'Los Alpes 01',NULL,NULL,358741051439112),(112,'AVEO ZAY-22-13',NULL,NULL,358741051437637),(113,'R212',NULL,NULL,358741051453881),(114,'HINO DB-61-400',NULL,NULL,358741051437538),(115,'C-044',NULL,NULL,358741051453238),(116,'Ruta 52-03',NULL,NULL,358741051440565),(117,'Ruta 52-15',NULL,NULL,358741051440367);
/*!40000 ALTER TABLE `vehicles` ENABLE KEYS */;
UNLOCK TABLES;

--
-- Table structure for table `volatile_stop`
--

DROP TABLE IF EXISTS `volatile_stop`;
/*!40101 SET @saved_cs_client     = @@character_set_client */;
/*!40101 SET character_set_client = utf8 */;
CREATE TABLE `volatile_stop` (
  `vehicles_idvehicle` bigint(20) unsigned NOT NULL,
  `lat` float DEFAULT NULL,
  `lon` float DEFAULT NULL,
  `eventTime` datetime DEFAULT NULL,
  PRIMARY KEY (`vehicles_idvehicle`),
  KEY `fk_volatile_stop_vehicles1_idx` (`vehicles_idvehicle`),
  CONSTRAINT `fk_volatile_stop_vehicles1` FOREIGN KEY (`vehicles_idvehicle`) REFERENCES `vehicles` (`idvehicle`) ON DELETE CASCADE ON UPDATE CASCADE
) ENGINE=InnoDB DEFAULT CHARSET=utf8;
/*!40101 SET character_set_client = @saved_cs_client */;

--
-- Dumping data for table `volatile_stop`
--

LOCK TABLES `volatile_stop` WRITE;
/*!40000 ALTER TABLE `volatile_stop` DISABLE KEYS */;
/*!40000 ALTER TABLE `volatile_stop` ENABLE KEYS */;
UNLOCK TABLES;
/*!40103 SET TIME_ZONE=@OLD_TIME_ZONE */;

/*!40101 SET SQL_MODE=@OLD_SQL_MODE */;
/*!40014 SET FOREIGN_KEY_CHECKS=@OLD_FOREIGN_KEY_CHECKS */;
/*!40014 SET UNIQUE_CHECKS=@OLD_UNIQUE_CHECKS */;
/*!40101 SET CHARACTER_SET_CLIENT=@OLD_CHARACTER_SET_CLIENT */;
/*!40101 SET CHARACTER_SET_RESULTS=@OLD_CHARACTER_SET_RESULTS */;
/*!40101 SET COLLATION_CONNECTION=@OLD_COLLATION_CONNECTION */;
/*!40111 SET SQL_NOTES=@OLD_SQL_NOTES */;

-- Dump completed on 2016-04-19 15:50:08
